nazwa miasta;nazwa województwa
Boles³awiec;DOLNOŒL¥SKIE
Nowogrodziec;DOLNOŒL¥SKIE
Bielawa;DOLNOŒL¥SKIE
Dzier¿oniów;DOLNOŒL¥SKIE
Pieszyce;DOLNOŒL¥SKIE
Pi³awa Górna;DOLNOŒL¥SKIE
Niemcza;DOLNOŒL¥SKIE
G³ogów;DOLNOŒL¥SKIE
Góra;DOLNOŒL¥SKIE
W¹sosz;DOLNOŒL¥SKIE
Jawor;DOLNOŒL¥SKIE
Bolków;DOLNOŒL¥SKIE
Karpacz;DOLNOŒL¥SKIE
Kowary;DOLNOŒL¥SKIE
Piechowice;DOLNOŒL¥SKIE
Szklarska Porêba;DOLNOŒL¥SKIE
Kamienna Góra;DOLNOŒL¥SKIE
Lubawka;DOLNOŒL¥SKIE
Duszniki-Zdrój;DOLNOŒL¥SKIE
K³odzko;DOLNOŒL¥SKIE
Kudowa-Zdrój;DOLNOŒL¥SKIE
Nowa Ruda;DOLNOŒL¥SKIE
Polanica-Zdrój;DOLNOŒL¥SKIE
Bystrzyca K³odzka;DOLNOŒL¥SKIE
L¹dek-Zdrój;DOLNOŒL¥SKIE
Miêdzylesie;DOLNOŒL¥SKIE
Radków;DOLNOŒL¥SKIE
Stronie Œl¹skie;DOLNOŒL¥SKIE
Szczytna;DOLNOŒL¥SKIE
Chojnów;DOLNOŒL¥SKIE
Prochowice;DOLNOŒL¥SKIE
Lubañ;DOLNOŒL¥SKIE
Œwieradów-Zdrój;DOLNOŒL¥SKIE
Leœna;DOLNOŒL¥SKIE
Olszyna;DOLNOŒL¥SKIE
Lubin;DOLNOŒL¥SKIE
Œcinawa;DOLNOŒL¥SKIE
Gryfów Œl¹ski;DOLNOŒL¥SKIE
Lubomierz;DOLNOŒL¥SKIE
Lwówek Œl¹ski;DOLNOŒL¥SKIE
Mirsk;DOLNOŒL¥SKIE
Wleñ;DOLNOŒL¥SKIE
Milicz;DOLNOŒL¥SKIE
Oleœnica;DOLNOŒL¥SKIE
Bierutów;DOLNOŒL¥SKIE
Miêdzybórz;DOLNOŒL¥SKIE
Syców;DOLNOŒL¥SKIE
Twardogóra;DOLNOŒL¥SKIE
O³awa;DOLNOŒL¥SKIE
Jelcz-Laskowice;DOLNOŒL¥SKIE
Chocianów;DOLNOŒL¥SKIE
Polkowice;DOLNOŒL¥SKIE
Przemków;DOLNOŒL¥SKIE
Strzelin;DOLNOŒL¥SKIE
Wi¹zów;DOLNOŒL¥SKIE
Œroda Œl¹ska;DOLNOŒL¥SKIE
Œwidnica;DOLNOŒL¥SKIE
Œwiebodzice;DOLNOŒL¥SKIE
Jaworzyna Œl¹ska;DOLNOŒL¥SKIE
Strzegom;DOLNOŒL¥SKIE
¯arów;DOLNOŒL¥SKIE
Oborniki Œl¹skie;DOLNOŒL¥SKIE
Prusice;DOLNOŒL¥SKIE
Trzebnica;DOLNOŒL¥SKIE
¯migród;DOLNOŒL¥SKIE
Boguszów-Gorce;DOLNOŒL¥SKIE
Jedlina-Zdrój;DOLNOŒL¥SKIE
Szczawno-Zdrój;DOLNOŒL¥SKIE
G³uszyca;DOLNOŒL¥SKIE
Mieroszów;DOLNOŒL¥SKIE
Brzeg Dolny;DOLNOŒL¥SKIE
Wo³ów;DOLNOŒL¥SKIE
K¹ty Wroc³awskie;DOLNOŒL¥SKIE
Sobótka;DOLNOŒL¥SKIE
Siechnice;DOLNOŒL¥SKIE
Bardo;DOLNOŒL¥SKIE
Z¹bkowice Œl¹skie;DOLNOŒL¥SKIE
Ziêbice;DOLNOŒL¥SKIE
Z³oty Stok;DOLNOŒL¥SKIE
Zawidów;DOLNOŒL¥SKIE
Zgorzelec;DOLNOŒL¥SKIE
Bogatynia;DOLNOŒL¥SKIE
Pieñsk;DOLNOŒL¥SKIE
Wêgliniec;DOLNOŒL¥SKIE
Wojcieszów;DOLNOŒL¥SKIE
Z³otoryja;DOLNOŒL¥SKIE
Œwierzawa;DOLNOŒL¥SKIE
Jelenia Góra;DOLNOŒL¥SKIE
Legnica;DOLNOŒL¥SKIE
Wroc³aw;DOLNOŒL¥SKIE
Wa³brzych;DOLNOŒL¥SKIE
Aleksandrów Kujawski;KUJAWSKO-POMORSKIE
Ciechocinek;KUJAWSKO-POMORSKIE
Nieszawa;KUJAWSKO-POMORSKIE
Brodnica;KUJAWSKO-POMORSKIE
Górzno;KUJAWSKO-POMORSKIE
Jab³onowo Pomorskie;KUJAWSKO-POMORSKIE
Koronowo;KUJAWSKO-POMORSKIE
Solec Kujawski;KUJAWSKO-POMORSKIE
Che³mno;KUJAWSKO-POMORSKIE
Golub-Dobrzyñ;KUJAWSKO-POMORSKIE
Kowalewo Pomorskie;KUJAWSKO-POMORSKIE
£asin;KUJAWSKO-POMORSKIE
Radzyñ Che³miñski;KUJAWSKO-POMORSKIE
Inowroc³aw;KUJAWSKO-POMORSKIE
Gniewkowo;KUJAWSKO-POMORSKIE
Janikowo;KUJAWSKO-POMORSKIE
Kruszwica;KUJAWSKO-POMORSKIE
Pakoœæ;KUJAWSKO-POMORSKIE
Lipno;KUJAWSKO-POMORSKIE
Dobrzyñ nad Wis³¹;KUJAWSKO-POMORSKIE
Skêpe;KUJAWSKO-POMORSKIE
Mogilno;KUJAWSKO-POMORSKIE
Strzelno;KUJAWSKO-POMORSKIE
Kcynia;KUJAWSKO-POMORSKIE
Mrocza;KUJAWSKO-POMORSKIE
Nak³o nad Noteci¹;KUJAWSKO-POMORSKIE
Szubin;KUJAWSKO-POMORSKIE
Radziejów;KUJAWSKO-POMORSKIE
Piotrków Kujawski;KUJAWSKO-POMORSKIE
Rypin;KUJAWSKO-POMORSKIE
Kamieñ Krajeñski;KUJAWSKO-POMORSKIE
Sêpólno Krajeñskie;KUJAWSKO-POMORSKIE
Wiêcbork;KUJAWSKO-POMORSKIE
Nowe;KUJAWSKO-POMORSKIE
Œwiecie;KUJAWSKO-POMORSKIE
Che³m¿a;KUJAWSKO-POMORSKIE
Tuchola;KUJAWSKO-POMORSKIE
W¹brzeŸno;KUJAWSKO-POMORSKIE
Kowal;KUJAWSKO-POMORSKIE
Brzeœæ Kujawski;KUJAWSKO-POMORSKIE
Chodecz;KUJAWSKO-POMORSKIE
Izbica Kujawska;KUJAWSKO-POMORSKIE
Lubieñ Kujawski;KUJAWSKO-POMORSKIE
Lubraniec;KUJAWSKO-POMORSKIE
Barcin;KUJAWSKO-POMORSKIE
Janowiec Wielkopolski;KUJAWSKO-POMORSKIE
£abiszyn;KUJAWSKO-POMORSKIE
¯nin;KUJAWSKO-POMORSKIE
Bydgoszcz;KUJAWSKO-POMORSKIE
Grudzi¹dz;KUJAWSKO-POMORSKIE
Toruñ;KUJAWSKO-POMORSKIE
W³oc³awek;KUJAWSKO-POMORSKIE
Miêdzyrzec Podlaski;LUBELSKIE
Terespol;LUBELSKIE
Bi³goraj;LUBELSKIE
Frampol;LUBELSKIE
Józefów;LUBELSKIE
Tarnogród;LUBELSKIE
Rejowiec Fabryczny;LUBELSKIE
Siedliszcze;LUBELSKIE
Hrubieszów;LUBELSKIE
Janów Lubelski;LUBELSKIE
Modliborzyce;LUBELSKIE
Krasnystaw;LUBELSKIE
Kraœnik;LUBELSKIE
Annopol;LUBELSKIE
Urzêdów;LUBELSKIE
Lubartów;LUBELSKIE
Kock;LUBELSKIE
Ostrów Lubelski;LUBELSKIE
Be³¿yce;LUBELSKIE
Bychawa;LUBELSKIE
£êczna;LUBELSKIE
£uków;LUBELSKIE
Stoczek £ukowski;LUBELSKIE
Opole Lubelskie;LUBELSKIE
Poniatowa;LUBELSKIE
Parczew;LUBELSKIE
Pu³awy;LUBELSKIE
Kazimierz Dolny;LUBELSKIE
Na³êczów;LUBELSKIE
Radzyñ Podlaski;LUBELSKIE
Dêblin;LUBELSKIE
Ryki;LUBELSKIE
Œwidnik;LUBELSKIE
Piaski;LUBELSKIE
Tomaszów Lubelski;LUBELSKIE
Lubycza Królewska;LUBELSKIE
£aszczów;LUBELSKIE
Tyszowce;LUBELSKIE
W³odawa;LUBELSKIE
Krasnobród;LUBELSKIE
Szczebrzeszyn;LUBELSKIE
Zwierzyniec;LUBELSKIE
Bia³a Podlaska;LUBELSKIE
Che³m;LUBELSKIE
Lublin;LUBELSKIE
Zamoœæ;LUBELSKIE
Kostrzyn nad Odr¹;LUBUSKIE
Witnica;LUBUSKIE
Gubin;LUBUSKIE
Krosno Odrzañskie;LUBUSKIE
Miêdzyrzecz;LUBUSKIE
Skwierzyna;LUBUSKIE
Trzciel;LUBUSKIE
Nowa Sól;LUBUSKIE
Bytom Odrzañski;LUBUSKIE
Ko¿uchów;LUBUSKIE
Nowe Miasteczko;LUBUSKIE
Cybinka;LUBUSKIE
Oœno Lubuskie;LUBUSKIE
Rzepin;LUBUSKIE
S³ubice;LUBUSKIE
Dobiegniew;LUBUSKIE
Drezdenko;LUBUSKIE
Strzelce Krajeñskie;LUBUSKIE
Lubniewice;LUBUSKIE
Sulêcin;LUBUSKIE
Torzym;LUBUSKIE
Œwiebodzin;LUBUSKIE
Zb¹szynek;LUBUSKIE
Babimost;LUBUSKIE
Czerwieñsk;LUBUSKIE
Kargowa;LUBUSKIE
Nowogród Bobrzañski;LUBUSKIE
Sulechów;LUBUSKIE
Gozdnica;LUBUSKIE
¯agañ;LUBUSKIE
I³owa;LUBUSKIE
Ma³omice;LUBUSKIE
Szprotawa;LUBUSKIE
£êknica;LUBUSKIE
¯ary;LUBUSKIE
Jasieñ;LUBUSKIE
Lubsko;LUBUSKIE
S³awa;LUBUSKIE
Szlichtyngowa;LUBUSKIE
Wschowa;LUBUSKIE
Gorzów Wielkopolski;LUBUSKIE
Zielona Góra;LUBUSKIE
Be³chatów;£ÓDZKIE
Zelów;£ÓDZKIE
Kutno;£ÓDZKIE
Kroœniewice;£ÓDZKIE
¯ychlin;£ÓDZKIE
£ask;£ÓDZKIE
£êczyca;£ÓDZKIE
£owicz;£ÓDZKIE
Koluszki;£ÓDZKIE
Rzgów;£ÓDZKIE
Tuszyn;£ÓDZKIE
Drzewica;£ÓDZKIE
Opoczno;£ÓDZKIE
Konstantynów £ódzki;£ÓDZKIE
Pabianice;£ÓDZKIE
Dzia³oszyn;£ÓDZKIE
Pajêczno;£ÓDZKIE
Sulejów;£ÓDZKIE
Wolbórz;£ÓDZKIE
Poddêbice;£ÓDZKIE
Uniejów;£ÓDZKIE
Radomsko;£ÓDZKIE
Kamieñsk;£ÓDZKIE
Przedbórz;£ÓDZKIE
Rawa Mazowiecka;£ÓDZKIE
Bia³a Rawska;£ÓDZKIE
Sieradz;£ÓDZKIE
B³aszki;£ÓDZKIE
Warta;£ÓDZKIE
Z³oczew;£ÓDZKIE
Tomaszów Mazowiecki;£ÓDZKIE
Wieluñ;£ÓDZKIE
Wieruszów;£ÓDZKIE
Zduñska Wola;£ÓDZKIE
Szadek;£ÓDZKIE
G³owno;£ÓDZKIE
Ozorków;£ÓDZKIE
Zgierz;£ÓDZKIE
Aleksandrów £ódzki;£ÓDZKIE
Stryków;£ÓDZKIE
Brzeziny;£ÓDZKIE
£ódŸ;£ÓDZKIE
Piotrków Trybunalski;£ÓDZKIE
Skierniewice;£ÓDZKIE
Bochnia;MA£OPOLSKIE
Nowy Wiœnicz;MA£OPOLSKIE
Brzesko;MA£OPOLSKIE
Czchów;MA£OPOLSKIE
Alwernia;MA£OPOLSKIE
Chrzanów;MA£OPOLSKIE
Libi¹¿;MA£OPOLSKIE
Trzebinia;MA£OPOLSKIE
D¹browa Tarnowska;MA£OPOLSKIE
Szczucin;MA£OPOLSKIE
Gorlice;MA£OPOLSKIE
Biecz;MA£OPOLSKIE
Bobowa;MA£OPOLSKIE
Krzeszowice;MA£OPOLSKIE
Ska³a;MA£OPOLSKIE
Skawina;MA£OPOLSKIE
S³omniki;MA£OPOLSKIE
Œwi¹tniki Górne;MA£OPOLSKIE
Limanowa;MA£OPOLSKIE
Mszana Dolna;MA£OPOLSKIE
Miechów;MA£OPOLSKIE
Dobczyce;MA£OPOLSKIE
Myœlenice;MA£OPOLSKIE
Su³kowice;MA£OPOLSKIE
Grybów;MA£OPOLSKIE
Krynica-Zdrój;MA£OPOLSKIE
Muszyna;MA£OPOLSKIE
Piwniczna-Zdrój;MA£OPOLSKIE
Stary S¹cz;MA£OPOLSKIE
Nowy Targ;MA£OPOLSKIE
Szczawnica;MA£OPOLSKIE
Rabka-Zdrój;MA£OPOLSKIE
Bukowno;MA£OPOLSKIE
Olkusz;MA£OPOLSKIE
Wolbrom;MA£OPOLSKIE
Oœwiêcim;MA£OPOLSKIE
Brzeszcze;MA£OPOLSKIE
Che³mek;MA£OPOLSKIE
Kêty;MA£OPOLSKIE
Zator;MA£OPOLSKIE
Nowe Brzesko;MA£OPOLSKIE
Proszowice;MA£OPOLSKIE
Jordanów;MA£OPOLSKIE
Sucha Beskidzka;MA£OPOLSKIE
Maków Podhalañski;MA£OPOLSKIE
Ciê¿kowice;MA£OPOLSKIE
Rad³ów;MA£OPOLSKIE
Ryglice;MA£OPOLSKIE
Tuchów;MA£OPOLSKIE
Wojnicz;MA£OPOLSKIE
Zakliczyn;MA£OPOLSKIE
¯abno;MA£OPOLSKIE
Zakopane;MA£OPOLSKIE
Andrychów;MA£OPOLSKIE
Kalwaria Zebrzydowska;MA£OPOLSKIE
Wadowice;MA£OPOLSKIE
Niepo³omice;MA£OPOLSKIE
Wieliczka;MA£OPOLSKIE
Kraków;MA£OPOLSKIE
Nowy S¹cz;MA£OPOLSKIE
Tarnów;MA£OPOLSKIE
Bia³obrzegi;MAZOWIECKIE
Wyœmierzyce;MAZOWIECKIE
Ciechanów;MAZOWIECKIE
Glinojeck;MAZOWIECKIE
Garwolin;MAZOWIECKIE
£askarzew;MAZOWIECKIE
Pilawa;MAZOWIECKIE
¯elechów;MAZOWIECKIE
Gostynin;MAZOWIECKIE
Milanówek;MAZOWIECKIE
Podkowa Leœna;MAZOWIECKIE
Grodzisk Mazowiecki;MAZOWIECKIE
Grójec;MAZOWIECKIE
Mogielnica;MAZOWIECKIE
Nowe Miasto nad Pilic¹;MAZOWIECKIE
Warka;MAZOWIECKIE
Kozienice;MAZOWIECKIE
Legionowo;MAZOWIECKIE
Serock;MAZOWIECKIE
Lipsko;MAZOWIECKIE
£osice;MAZOWIECKIE
Maków Mazowiecki;MAZOWIECKIE
Ró¿an;MAZOWIECKIE
Miñsk Mazowiecki;MAZOWIECKIE
Halinów;MAZOWIECKIE
Ka³uszyn;MAZOWIECKIE
Mrozy;MAZOWIECKIE
Sulejówek;MAZOWIECKIE
M³awa;MAZOWIECKIE
Nowy Dwór Mazowiecki;MAZOWIECKIE
Nasielsk;MAZOWIECKIE
Zakroczym;MAZOWIECKIE
Myszyniec;MAZOWIECKIE
Ostrów Mazowiecka;MAZOWIECKIE
Brok;MAZOWIECKIE
Józefów;MAZOWIECKIE
Otwock;MAZOWIECKIE
Karczew;MAZOWIECKIE
Góra Kalwaria;MAZOWIECKIE
Konstancin-Jeziorna;MAZOWIECKIE
Piaseczno;MAZOWIECKIE
Tarczyn;MAZOWIECKIE
Drobin;MAZOWIECKIE
G¹bin;MAZOWIECKIE
Wyszogród;MAZOWIECKIE
P³oñsk;MAZOWIECKIE
Raci¹¿;MAZOWIECKIE
Piastów;MAZOWIECKIE
Pruszków;MAZOWIECKIE
Brwinów;MAZOWIECKIE
Przasnysz;MAZOWIECKIE
Chorzele;MAZOWIECKIE
Przysucha;MAZOWIECKIE
Pu³tusk;MAZOWIECKIE
Pionki;MAZOWIECKIE
I³¿a;MAZOWIECKIE
Skaryszew;MAZOWIECKIE
Mordy;MAZOWIECKIE
Sierpc;MAZOWIECKIE
Sochaczew;MAZOWIECKIE
Soko³ów Podlaski;MAZOWIECKIE
Kosów Lacki;MAZOWIECKIE
Szyd³owiec;MAZOWIECKIE
B³onie;MAZOWIECKIE
£omianki;MAZOWIECKIE
O¿arów Mazowiecki;MAZOWIECKIE
Wêgrów;MAZOWIECKIE
£ochów;MAZOWIECKIE
Koby³ka;MAZOWIECKIE
Marki;MAZOWIECKIE
Z¹bki;MAZOWIECKIE
Zielonka;MAZOWIECKIE
Radzymin;MAZOWIECKIE
T³uszcz;MAZOWIECKIE
Wo³omin;MAZOWIECKIE
Wyszków;MAZOWIECKIE
Zwoleñ;MAZOWIECKIE
Bie¿uñ;MAZOWIECKIE
¯uromin;MAZOWIECKIE
¯yrardów;MAZOWIECKIE
Mszczonów;MAZOWIECKIE
Ostro³êka;MAZOWIECKIE
P³ock;MAZOWIECKIE
Radom;MAZOWIECKIE
Siedlce;MAZOWIECKIE
Brzeg;OPOLSKIE
Grodków;OPOLSKIE
Lewin Brzeski;OPOLSKIE
Baborów;OPOLSKIE
G³ubczyce;OPOLSKIE
Kietrz;OPOLSKIE
Kêdzierzyn-KoŸle;OPOLSKIE
Byczyna;OPOLSKIE
Kluczbork;OPOLSKIE
Wo³czyn;OPOLSKIE
Gogolin;OPOLSKIE
Krapkowice;OPOLSKIE
Zdzieszowice;OPOLSKIE
Namys³ów;OPOLSKIE
G³ucho³azy;OPOLSKIE
Korfantów;OPOLSKIE
Nysa;OPOLSKIE
Otmuchów;OPOLSKIE
Paczków;OPOLSKIE
Dobrodzieñ;OPOLSKIE
Gorzów Œl¹ski;OPOLSKIE
Olesno;OPOLSKIE
Praszka;OPOLSKIE
Niemodlin;OPOLSKIE
Ozimek;OPOLSKIE
Prószków;OPOLSKIE
Bia³a;OPOLSKIE
G³ogówek;OPOLSKIE
Prudnik;OPOLSKIE
Kolonowskie;OPOLSKIE
Leœnica;OPOLSKIE
Strzelce Opolskie;OPOLSKIE
Ujazd;OPOLSKIE
Zawadzkie;OPOLSKIE
Opole;OPOLSKIE
Ustrzyki Dolne;PODKARPACKIE
Brzozów;PODKARPACKIE
Dêbica;PODKARPACKIE
Brzostek;PODKARPACKIE
Pilzno;PODKARPACKIE
Jaros³aw;PODKARPACKIE
Radymno;PODKARPACKIE
Pruchnik;PODKARPACKIE
Jas³o;PODKARPACKIE
Ko³aczyce;PODKARPACKIE
Kolbuszowa;PODKARPACKIE
Dukla;PODKARPACKIE
Iwonicz-Zdrój;PODKARPACKIE
Jedlicze;PODKARPACKIE
Rymanów;PODKARPACKIE
Le¿ajsk;PODKARPACKIE
Nowa Sarzyna;PODKARPACKIE
Lubaczów;PODKARPACKIE
Cieszanów;PODKARPACKIE
Narol;PODKARPACKIE
Oleszyce;PODKARPACKIE
£añcut;PODKARPACKIE
Mielec;PODKARPACKIE
Przec³aw;PODKARPACKIE
Radomyœl Wielki;PODKARPACKIE
Nisko;PODKARPACKIE
Rudnik nad Sanem;PODKARPACKIE
Ulanów;PODKARPACKIE
Przeworsk;PODKARPACKIE
Kañczuga;PODKARPACKIE
Sieniawa;PODKARPACKIE
Ropczyce;PODKARPACKIE
Sêdziszów Ma³opolski;PODKARPACKIE
Dynów;PODKARPACKIE
B³a¿owa;PODKARPACKIE
Boguchwa³a;PODKARPACKIE
G³ogów Ma³opolski;PODKARPACKIE
Soko³ów Ma³opolski;PODKARPACKIE
Tyczyn;PODKARPACKIE
Sanok;PODKARPACKIE
Zagórz;PODKARPACKIE
Stalowa Wola;PODKARPACKIE
Zaklików;PODKARPACKIE
Strzy¿ów;PODKARPACKIE
Baranów Sandomierski;PODKARPACKIE
Nowa Dêba;PODKARPACKIE
Lesko;PODKARPACKIE
Krosno;PODKARPACKIE
Przemyœl;PODKARPACKIE
Rzeszów;PODKARPACKIE
Tarnobrzeg;PODKARPACKIE
Augustów;PODLASKIE
Lipsk;PODLASKIE
Choroszcz;PODLASKIE
Czarna Bia³ostocka;PODLASKIE
£apy;PODLASKIE
Micha³owo;PODLASKIE
Supraœl;PODLASKIE
Sura¿;PODLASKIE
Tykocin;PODLASKIE
Wasilków;PODLASKIE
Zab³udów;PODLASKIE
Bielsk Podlaski;PODLASKIE
Brañsk;PODLASKIE
Grajewo;PODLASKIE
Rajgród;PODLASKIE
Szczuczyn;PODLASKIE
Hajnówka;PODLASKIE
Kleszczele;PODLASKIE
Kolno;PODLASKIE
Stawiski;PODLASKIE
Jedwabne;PODLASKIE
Nowogród;PODLASKIE
Goni¹dz;PODLASKIE
Knyszyn;PODLASKIE
Moñki;PODLASKIE
Sejny;PODLASKIE
Siemiatycze;PODLASKIE
Drohiczyn;PODLASKIE
D¹browa Bia³ostocka;PODLASKIE
Krynki;PODLASKIE
Sokó³ka;PODLASKIE
Suchowola;PODLASKIE
Wysokie Mazowieckie;PODLASKIE
Ciechanowiec;PODLASKIE
Czy¿ew;PODLASKIE
Szepietowo;PODLASKIE
Zambrów;PODLASKIE
Bia³ystok;PODLASKIE
£om¿a;PODLASKIE
Suwa³ki;PODLASKIE
Bytów;POMORSKIE
Miastko;POMORSKIE
Chojnice;POMORSKIE
Brusy;POMORSKIE
Czersk;POMORSKIE
Cz³uchów;POMORSKIE
Czarne;POMORSKIE
Debrzno;POMORSKIE
Pruszcz Gdañski;POMORSKIE
Kartuzy;POMORSKIE
¯ukowo;POMORSKIE
Koœcierzyna;POMORSKIE
Kwidzyn;POMORSKIE
Prabuty;POMORSKIE
Lêbork;POMORSKIE
£eba;POMORSKIE
Malbork;POMORSKIE
Nowy Staw;POMORSKIE
Krynica Morska;POMORSKIE
Nowy Dwór Gdañski;POMORSKIE
Hel;POMORSKIE
Jastarnia;POMORSKIE
Puck;POMORSKIE
W³adys³awowo;POMORSKIE
Ustka;POMORSKIE
Kêpice;POMORSKIE
Czarna Woda;POMORSKIE
Skórcz;POMORSKIE
Starogard Gdañski;POMORSKIE
Skarszewy;POMORSKIE
Tczew;POMORSKIE
Gniew;POMORSKIE
Pelplin;POMORSKIE
Reda;POMORSKIE
Rumia;POMORSKIE
Wejherowo;POMORSKIE
Dzierzgoñ;POMORSKIE
Sztum;POMORSKIE
Gdañsk;POMORSKIE
Gdynia;POMORSKIE
S³upsk;POMORSKIE
Sopot;POMORSKIE
Bêdzin;ŒL¥SKIE
CzeladŸ;ŒL¥SKIE
Wojkowice;ŒL¥SKIE
Siewierz;ŒL¥SKIE
S³awków;ŒL¥SKIE
Szczyrk;ŒL¥SKIE
Czechowice-Dziedzice;ŒL¥SKIE
Wilamowice;ŒL¥SKIE
Cieszyn;ŒL¥SKIE
Ustroñ;ŒL¥SKIE
Wis³a;ŒL¥SKIE
Skoczów;ŒL¥SKIE
Strumieñ;ŒL¥SKIE
Blachownia;ŒL¥SKIE
Koniecpol;ŒL¥SKIE
Knurów;ŒL¥SKIE
Pyskowice;ŒL¥SKIE
Soœnicowice;ŒL¥SKIE
Toszek;ŒL¥SKIE
K³obuck;ŒL¥SKIE
Krzepice;ŒL¥SKIE
Lubliniec;ŒL¥SKIE
WoŸniki;ŒL¥SKIE
£aziska Górne;ŒL¥SKIE
Miko³ów;ŒL¥SKIE
Orzesze;ŒL¥SKIE
Myszków;ŒL¥SKIE
Kozieg³owy;ŒL¥SKIE
¯arki;ŒL¥SKIE
Pszczyna;ŒL¥SKIE
Racibórz;ŒL¥SKIE
Krzanowice;ŒL¥SKIE
KuŸnia Raciborska;ŒL¥SKIE
Czerwionka-Leszczyny;ŒL¥SKIE
Kalety;ŒL¥SKIE
Miasteczko Œl¹skie;ŒL¥SKIE
Radzionków;ŒL¥SKIE
Tarnowskie Góry;ŒL¥SKIE
Bieruñ;ŒL¥SKIE
Imielin;ŒL¥SKIE
Lêdziny;ŒL¥SKIE
Pszów;ŒL¥SKIE
Radlin;ŒL¥SKIE
Rydu³towy;ŒL¥SKIE
Wodzis³aw Œl¹ski;ŒL¥SKIE
Porêba;ŒL¥SKIE
Zawiercie;ŒL¥SKIE
£azy;ŒL¥SKIE
Ogrodzieniec;ŒL¥SKIE
Pilica;ŒL¥SKIE
Szczekociny;ŒL¥SKIE
¯ywiec;ŒL¥SKIE
Bielsko-Bia³a;ŒL¥SKIE
Bytom;ŒL¥SKIE
Chorzów;ŒL¥SKIE
Czêstochowa;ŒL¥SKIE
D¹browa Górnicza;ŒL¥SKIE
Gliwice;ŒL¥SKIE
Jastrzêbie-Zdrój;ŒL¥SKIE
Jaworzno;ŒL¥SKIE
Katowice;ŒL¥SKIE
Mys³owice;ŒL¥SKIE
Piekary Œl¹skie;ŒL¥SKIE
Ruda Œl¹ska;ŒL¥SKIE
Rybnik;ŒL¥SKIE
Siemianowice Œl¹skie;ŒL¥SKIE
Sosnowiec;ŒL¥SKIE
Œwiêtoch³owice;ŒL¥SKIE
Tychy;ŒL¥SKIE
Zabrze;ŒL¥SKIE
¯ory;ŒL¥SKIE
Busko-Zdrój;ŒWIÊTOKRZYSKIE
Stopnica;ŒWIÊTOKRZYSKIE
Jêdrzejów;ŒWIÊTOKRZYSKIE
Ma³ogoszcz;ŒWIÊTOKRZYSKIE
Sêdziszów;ŒWIÊTOKRZYSKIE
Kazimierza Wielka;ŒWIÊTOKRZYSKIE
Skalbmierz;ŒWIÊTOKRZYSKIE
Bodzentyn;ŒWIÊTOKRZYSKIE
Chêciny;ŒWIÊTOKRZYSKIE
Chmielnik;ŒWIÊTOKRZYSKIE
Daleszyce;ŒWIÊTOKRZYSKIE
Koñskie;ŒWIÊTOKRZYSKIE
St¹porków;ŒWIÊTOKRZYSKIE
Opatów;ŒWIÊTOKRZYSKIE
O¿arów;ŒWIÊTOKRZYSKIE
Ostrowiec Œwiêtokrzyski;ŒWIÊTOKRZYSKIE
Æmielów;ŒWIÊTOKRZYSKIE
Kunów;ŒWIÊTOKRZYSKIE
Dzia³oszyce;ŒWIÊTOKRZYSKIE
Piñczów;ŒWIÊTOKRZYSKIE
Sandomierz;ŒWIÊTOKRZYSKIE
Koprzywnica;ŒWIÊTOKRZYSKIE
Zawichost;ŒWIÊTOKRZYSKIE
Skar¿ysko-Kamienna;ŒWIÊTOKRZYSKIE
Suchedniów;ŒWIÊTOKRZYSKIE
Starachowice;ŒWIÊTOKRZYSKIE
W¹chock;ŒWIÊTOKRZYSKIE
Osiek;ŒWIÊTOKRZYSKIE
Po³aniec;ŒWIÊTOKRZYSKIE
Staszów;ŒWIÊTOKRZYSKIE
W³oszczowa;ŒWIÊTOKRZYSKIE
Kielce;ŒWIÊTOKRZYSKIE
Bartoszyce;WARMIÑSKO-MAZURSKIE
Górowo I³aweckie;WARMIÑSKO-MAZURSKIE
Bisztynek;WARMIÑSKO-MAZURSKIE
Sêpopol;WARMIÑSKO-MAZURSKIE
Braniewo;WARMIÑSKO-MAZURSKIE
Frombork;WARMIÑSKO-MAZURSKIE
Pieniê¿no;WARMIÑSKO-MAZURSKIE
Dzia³dowo;WARMIÑSKO-MAZURSKIE
Lidzbark;WARMIÑSKO-MAZURSKIE
M³ynary;WARMIÑSKO-MAZURSKIE
Pas³êk;WARMIÑSKO-MAZURSKIE
Tolkmicko;WARMIÑSKO-MAZURSKIE
E³k;WARMIÑSKO-MAZURSKIE
Gi¿ycko;WARMIÑSKO-MAZURSKIE
Ryn;WARMIÑSKO-MAZURSKIE
I³awa;WARMIÑSKO-MAZURSKIE
Lubawa;WARMIÑSKO-MAZURSKIE
Kisielice;WARMIÑSKO-MAZURSKIE
Susz;WARMIÑSKO-MAZURSKIE
Zalewo;WARMIÑSKO-MAZURSKIE
Kêtrzyn;WARMIÑSKO-MAZURSKIE
Korsze;WARMIÑSKO-MAZURSKIE
Reszel;WARMIÑSKO-MAZURSKIE
Lidzbark Warmiñski;WARMIÑSKO-MAZURSKIE
Orneta;WARMIÑSKO-MAZURSKIE
Mr¹gowo;WARMIÑSKO-MAZURSKIE
Miko³ajki;WARMIÑSKO-MAZURSKIE
Nidzica;WARMIÑSKO-MAZURSKIE
Nowe Miasto Lubawskie;WARMIÑSKO-MAZURSKIE
Olecko;WARMIÑSKO-MAZURSKIE
Barczewo;WARMIÑSKO-MAZURSKIE
Biskupiec;WARMIÑSKO-MAZURSKIE
Dobre Miasto;WARMIÑSKO-MAZURSKIE
Jeziorany;WARMIÑSKO-MAZURSKIE
Olsztynek;WARMIÑSKO-MAZURSKIE
Ostróda;WARMIÑSKO-MAZURSKIE
Mi³akowo;WARMIÑSKO-MAZURSKIE
Mi³om³yn;WARMIÑSKO-MAZURSKIE
Mor¹g;WARMIÑSKO-MAZURSKIE
Bia³a Piska;WARMIÑSKO-MAZURSKIE
Orzysz;WARMIÑSKO-MAZURSKIE
Pisz;WARMIÑSKO-MAZURSKIE
Ruciane-Nida;WARMIÑSKO-MAZURSKIE
Szczytno;WARMIÑSKO-MAZURSKIE
Pasym;WARMIÑSKO-MAZURSKIE
Go³dap;WARMIÑSKO-MAZURSKIE
Wêgorzewo;WARMIÑSKO-MAZURSKIE
Elbl¹g;WARMIÑSKO-MAZURSKIE
Olsztyn;WARMIÑSKO-MAZURSKIE
Chodzie¿;WIELKOPOLSKIE
Margonin;WIELKOPOLSKIE
Szamocin;WIELKOPOLSKIE
Czarnków;WIELKOPOLSKIE
Krzy¿ Wielkopolski;WIELKOPOLSKIE
Trzcianka;WIELKOPOLSKIE
Wieleñ;WIELKOPOLSKIE
Gniezno;WIELKOPOLSKIE
Czerniejewo;WIELKOPOLSKIE
K³ecko;WIELKOPOLSKIE
Trzemeszno;WIELKOPOLSKIE
Witkowo;WIELKOPOLSKIE
Borek Wielkopolski;WIELKOPOLSKIE
Gostyñ;WIELKOPOLSKIE
Krobia;WIELKOPOLSKIE
Pogorzela;WIELKOPOLSKIE
Poniec;WIELKOPOLSKIE
Grodzisk Wielkopolski;WIELKOPOLSKIE
Rakoniewice;WIELKOPOLSKIE
Wielichowo;WIELKOPOLSKIE
Jaraczewo;WIELKOPOLSKIE
Jarocin;WIELKOPOLSKIE
¯erków;WIELKOPOLSKIE
Stawiszyn;WIELKOPOLSKIE
Kêpno;WIELKOPOLSKIE
Ko³o;WIELKOPOLSKIE
D¹bie;WIELKOPOLSKIE
K³odawa;WIELKOPOLSKIE
Przedecz;WIELKOPOLSKIE
Golina;WIELKOPOLSKIE
Kleczew;WIELKOPOLSKIE
Rychwa³;WIELKOPOLSKIE
Sompolno;WIELKOPOLSKIE
Œlesin;WIELKOPOLSKIE
Koœcian;WIELKOPOLSKIE
Czempiñ;WIELKOPOLSKIE
Krzywiñ;WIELKOPOLSKIE
Œmigiel;WIELKOPOLSKIE
Sulmierzyce;WIELKOPOLSKIE
Kobylin;WIELKOPOLSKIE
KoŸmin Wielkopolski;WIELKOPOLSKIE
Krotoszyn;WIELKOPOLSKIE
Zduny;WIELKOPOLSKIE
Osieczna;WIELKOPOLSKIE
Rydzyna;WIELKOPOLSKIE
Miêdzychód;WIELKOPOLSKIE
Sieraków;WIELKOPOLSKIE
Lwówek;WIELKOPOLSKIE
Nowy Tomyœl;WIELKOPOLSKIE
Opalenica;WIELKOPOLSKIE
Zb¹szyñ;WIELKOPOLSKIE
Oborniki;WIELKOPOLSKIE
RogoŸno;WIELKOPOLSKIE
Ostrów Wielkopolski;WIELKOPOLSKIE
Nowe Skalmierzyce;WIELKOPOLSKIE
Odolanów;WIELKOPOLSKIE
Raszków;WIELKOPOLSKIE
Grabów nad Prosn¹;WIELKOPOLSKIE
Mikstat;WIELKOPOLSKIE
Ostrzeszów;WIELKOPOLSKIE
Pi³a;WIELKOPOLSKIE
£ob¿enica;WIELKOPOLSKIE
Ujœcie;WIELKOPOLSKIE
Wyrzysk;WIELKOPOLSKIE
Wysoka;WIELKOPOLSKIE
Chocz;WIELKOPOLSKIE
Dobrzyca;WIELKOPOLSKIE
Pleszew;WIELKOPOLSKIE
Luboñ;WIELKOPOLSKIE
Puszczykowo;WIELKOPOLSKIE
Buk;WIELKOPOLSKIE
Kostrzyn;WIELKOPOLSKIE
Kórnik;WIELKOPOLSKIE
Mosina;WIELKOPOLSKIE
Murowana Goœlina;WIELKOPOLSKIE
Pobiedziska;WIELKOPOLSKIE
Stêszew;WIELKOPOLSKIE
Swarzêdz;WIELKOPOLSKIE
Bojanowo;WIELKOPOLSKIE
Jutrosin;WIELKOPOLSKIE
Miejska Górka;WIELKOPOLSKIE
Rawicz;WIELKOPOLSKIE
S³upca;WIELKOPOLSKIE
Zagórów;WIELKOPOLSKIE
Obrzycko;WIELKOPOLSKIE
Ostroróg;WIELKOPOLSKIE
Pniewy;WIELKOPOLSKIE
Szamotu³y;WIELKOPOLSKIE
Wronki;WIELKOPOLSKIE
Œroda Wielkopolska;WIELKOPOLSKIE
Dolsk;WIELKOPOLSKIE
Ksi¹¿ Wielkopolski;WIELKOPOLSKIE
Œrem;WIELKOPOLSKIE
Turek;WIELKOPOLSKIE
Dobra;WIELKOPOLSKIE
Tuliszków;WIELKOPOLSKIE
W¹growiec;WIELKOPOLSKIE
Go³añcz;WIELKOPOLSKIE
Skoki;WIELKOPOLSKIE
Wolsztyn;WIELKOPOLSKIE
Mi³os³aw;WIELKOPOLSKIE
Nekla;WIELKOPOLSKIE
Pyzdry;WIELKOPOLSKIE
Wrzeœnia;WIELKOPOLSKIE
Z³otów;WIELKOPOLSKIE
Jastrowie;WIELKOPOLSKIE
Krajenka;WIELKOPOLSKIE
Okonek;WIELKOPOLSKIE
Kalisz;WIELKOPOLSKIE
Konin;WIELKOPOLSKIE
Leszno;WIELKOPOLSKIE
Poznañ;WIELKOPOLSKIE
Bia³ogard;ZACHODNIOPOMORSKIE
Karlino;ZACHODNIOPOMORSKIE
Tychowo;ZACHODNIOPOMORSKIE
Choszczno;ZACHODNIOPOMORSKIE
Drawno;ZACHODNIOPOMORSKIE
Pe³czyce;ZACHODNIOPOMORSKIE
Recz;ZACHODNIOPOMORSKIE
Czaplinek;ZACHODNIOPOMORSKIE
Drawsko Pomorskie;ZACHODNIOPOMORSKIE
Kalisz Pomorski;ZACHODNIOPOMORSKIE
Z³ocieniec;ZACHODNIOPOMORSKIE
Goleniów;ZACHODNIOPOMORSKIE
Maszewo;ZACHODNIOPOMORSKIE
Nowogard;ZACHODNIOPOMORSKIE
Stepnica;ZACHODNIOPOMORSKIE
Gryfice;ZACHODNIOPOMORSKIE
P³oty;ZACHODNIOPOMORSKIE
Trzebiatów;ZACHODNIOPOMORSKIE
Cedynia;ZACHODNIOPOMORSKIE
Chojna;ZACHODNIOPOMORSKIE
Gryfino;ZACHODNIOPOMORSKIE
Mieszkowice;ZACHODNIOPOMORSKIE
Moryñ;ZACHODNIOPOMORSKIE
Trzciñsko-Zdrój;ZACHODNIOPOMORSKIE
Dziwnów;ZACHODNIOPOMORSKIE
Golczewo;ZACHODNIOPOMORSKIE
Kamieñ Pomorski;ZACHODNIOPOMORSKIE
Miêdzyzdroje;ZACHODNIOPOMORSKIE
Wolin;ZACHODNIOPOMORSKIE
Ko³obrzeg;ZACHODNIOPOMORSKIE
Goœcino;ZACHODNIOPOMORSKIE
Bobolice;ZACHODNIOPOMORSKIE
Polanów;ZACHODNIOPOMORSKIE
Sianów;ZACHODNIOPOMORSKIE
Barlinek;ZACHODNIOPOMORSKIE
Dêbno;ZACHODNIOPOMORSKIE
Myœlibórz;ZACHODNIOPOMORSKIE
Nowe Warpno;ZACHODNIOPOMORSKIE
Police;ZACHODNIOPOMORSKIE
Lipiany;ZACHODNIOPOMORSKIE
Pyrzyce;ZACHODNIOPOMORSKIE
Dar³owo;ZACHODNIOPOMORSKIE
S³awno;ZACHODNIOPOMORSKIE
Stargard;ZACHODNIOPOMORSKIE
Chociwel;ZACHODNIOPOMORSKIE
Dobrzany;ZACHODNIOPOMORSKIE
Iñsko;ZACHODNIOPOMORSKIE
Suchañ;ZACHODNIOPOMORSKIE
Szczecinek;ZACHODNIOPOMORSKIE
Barwice;ZACHODNIOPOMORSKIE
Bia³y Bór;ZACHODNIOPOMORSKIE
Borne Sulinowo;ZACHODNIOPOMORSKIE
Œwidwin;ZACHODNIOPOMORSKIE
Po³czyn-Zdrój;ZACHODNIOPOMORSKIE
Wa³cz;ZACHODNIOPOMORSKIE
Cz³opa;ZACHODNIOPOMORSKIE
Miros³awiec;ZACHODNIOPOMORSKIE
Tuczno;ZACHODNIOPOMORSKIE
Dobra;ZACHODNIOPOMORSKIE
£obez;ZACHODNIOPOMORSKIE
Resko;ZACHODNIOPOMORSKIE
Wêgorzyno;ZACHODNIOPOMORSKIE
Koszalin;ZACHODNIOPOMORSKIE
Szczecin;ZACHODNIOPOMORSKIE
Œwinoujœcie;ZACHODNIOPOMORSKIE
